a,johndoe,2@Acd$1jKl,John Doe,johndoe@email.com,60123456789,Male,,
a,janedoe,P@ssw0rd,Jane Doe,janedoe@email.com,60123456789,Female,,
a,johntan,MyPa$$w0rd,John Tan,johntan@email.com,60123456789,Male,,
a,janetan,Secret123!,Jane Tan,janetan@email.com,60123456789,Female,,
a,chrislee,C00lP@ss,Chris Lee,chrislee@email.com,60123456789,Male,,
a,christinalee,123456Abcd!,Christina Lee,christinalee@email.com,60123456789,Female,,
c ,farrow123,12345,Michelle Farrow ,farrow_captain@yahoo.com ,601177047467, Male ,,
c ,pill_head,3TuLscQkvyxMS9M ,Emely Reese ,Emely_Reese2575@brety.org ,60132506543, Male ,,
c ,dark_night ,VqL3Qngs4mtXpA6 ,Melinda Latham ,Melinda_Latham3040@elnee.tech ,60136320863, Female ,,
c ,prestriction ,VWK8JsBWvMmYwtr ,Carrie Oldfield ,weoyyang00@gmail.com ,60191503803, Male ,,
c ,daphnebeal ,6athMLPbB5GR236 ,Daphne Beal ,Daphne_Beal3723@typill.biz ,601159815606, Female ,,
c ,jeanclaud ,qQcdfFfgLaZypR4 ,Benjamin Booth ,Benjamin_Booth4459@joiniaa.com ,60130110740, Male ,,
c ,purplusseton ,wkDk4WrvWK8Sfhj ,Evie Cartwright ,Evie_Cartwright4974@nimogy.biz ,60125420608, Male ,,
c ,pinkv0dka ,LukBzUBe4XQVteq ,Dorothy Hood ,Dorothy_Hood2061@nanoff.biz ,60186614588, Male ,,
c ,runswithfly ,fQcDxsmHx886fUn ,Barry Jenkin ,Barry_Jenkin5259@supunk.biz ,60193148291, Female ,,
c ,quaquaversal ,HB5J7JswvKQbJp4 ,Paige Mcleod ,Paige_Mcleod4079@bungar.biz ,60122415080, Male ,,
c ,quamoclit ,6mdVJyC7Un5fCdS ,Beatrice Morgan ,Beatrice_Morgan7962@zorer.org ,60199262489, Male ,,
c ,cyberwarrior ,VNVHjSqfn8vqV3q ,Marvin Wellington ,Marvin_Wellington7180@deavo.com ,60183680437, Male ,,
c ,ragulykrackr ,QacZxAcwCynAb96 ,Violet Brennan ,Violet_Brennan7993@gompie.com ,60197245450, Male ,,
c ,junxian123 ,s2U3SvxunCBG4ka ,Lauren Griffiths ,cjxmisc@gmail.com ,60169231817, Male ,,
c ,joeying0712 ,&BdfPN1mJ0w^ ,Lau Joe Ying ,joeying0712@gmail.com ,60183626989, Female ,,
c ,sparkling_soul,wkDk4WrvWK8Sfhj ,Li Juan,johndoe85@gmail.com,60123456789,Female,,
c ,starryskies,LukBzUBe4XQVteq ,Zhang Wei,sarahjones23@yahoo.com,60112345678,Male,,
c ,radiantrays,fQcDxsmHx886fUn ,Wang Jing,emily.smith87@hotmail.com,60167891234,Male,,
c ,oceanic_oracle,HB5J7JswvKQbJp4 ,Chen Hua,davidbrown32@outlook.com,60174567890,Female,,
c ,happyharmony,6mdVJyC7Un5fCdS ,Yang Fan,chrisjohnson78@gmail.com,60198765432,Male,,
c ,dreamydusk,VNVHjSqfn8vqV3q ,Liu Yang,annawilliams44@yahoo.com,60134567891,Female,,
