f0040,Michelle Farrow,,Technical Support,Device connectivity issue,,3/12/2023
f0039,Emely Reese,,Complain Feedback,Incorrect pricing,,3/11/2023
f0038,Melinda Latham,John Doe,Payment Inquiry,Transaction authorization,Checking transaction authorization status,3/10/2023
f0037,Carrie Oldfield,Christina Lee,General Inquiry,Product availability,Checking inventory,3/9/2023
f0036,Daphne Beal,Christina Lee,Technical Support,Device not turning on,Providing troubleshooting steps,3/8/2023
f0035,Benjamin Booth,Christina Lee,Complain Feedback,Order cancellation issue,Investigating cancellation issue,3/7/2023
f0034,Evie Cartwright,Christina Lee,Payment Inquiry,Transaction status update,Providing transaction status,3/6/2023
f0033,Dorothy Hood,Christina Lee,General Inquiry,Product return policy,Providing return policy information,3/5/2023
f0032,Barry Jenkin,Chris Lee,Technical Support,Software installation issue,Providing troubleshooting steps,3/4/2023
f0031,Michelle Farrow,Chris Lee,Complain Feedback,Incorrect item description,Providing corrected information,3/3/2023
f0030,Beatrice Morgan,Chris Lee,Payment Inquiry,Transaction failed,Resolving transaction issue,3/2/2023
f0029,Marvin Wellington,Chris Lee,Payment Inquiry,Transaction not reflected,Investigating issue,2/29/2023
f0028,Violet Brennan,Chris Lee,Technical Support,Device not charging,Providing troubleshooting steps,2/28/2023
f0027,Lauren Griffiths,Chris Lee,Complain Feedback,Service quality,Investigating issue,2/27/2023
f0026,Lau Joe Ying,Chris Lee,Payment Inquiry,Transaction dispute,Investigating dispute,2/26/2023
f0025,Li Juan,Jane Tan,General Inquiry,Product features,Providing product information,2/25/2023
f0024,Zhang Wei,Jane Tan,Technical Support,Device overheating,Providing troubleshooting steps,2/24/2023
f0023,Wang Jing,Jane Tan,Complain Feedback,Package not delivered on time,Investigating issue,2/23/2023
f0022,Chen Hua,Jane Tan,Payment Inquiry,Transaction authorization,Checking transaction authorization status,2/22/2023
f0021,Yang Fan,Jane Tan,General Inquiry,Product compatibility,Providing compatibility information,2/21/2023
f0020,Liu Yang,Jane Tan,Technical Support,Internet connection issue,Providing troubleshooting steps,2/20/2023
f0019,Michelle Farrow,John Tan,Complain Feedback,Incorrect billing,Correcting billing information,2/19/2023
f0018,Emely Reese,John Tan,Payment Inquiry,Payment processing time,Checking payment processing status,2/18/2023
f0017,Melinda Latham,John Tan,General Inquiry,Product warranty,Providing warranty information,2/17/2023
f0016,Carrie Oldfield,John Tan,Technical Support,Device compatibility,Providing compatibility information,2/16/2023
f0015,Daphne Beal,John Tan,Complain Feedback,Order not delivered,Checking delivery status,2/15/2023
f0014,Benjamin Booth,John Tan,Payment Inquiry,Payment confirmation,Confirming payment status,2/14/2023
f0013,Evie Cartwright,Jane Doe,General Inquiry,Product specifications,Providing product details,2/13/2023
f0012,Dorothy Hood,Jane Doe,Technical Support,Software not functioning,Providing software update,2/12/2023
f0011,Barry Jenkin,Jane Doe,Complain Feedback,Incorrect item received,Offering replacement,2/11/2023
f0010,Paige Mcleod,Jane Doe,Payment Inquiry,Payment declined,Checking payment information,2/10/2023
f0009,Beatrice Morgan,Jane Doe,General Inquiry,Delivery time,Checking shipping status,2/9/2023
f0008,Marvin Wellington,Jane Doe,Technical Support,Device not working,Providing troubleshooting steps,2/8/2023
f0007,Violet Brennan,John Doe,Complain Feedback,Service not satisfactory,Investigating issue,2/7/2023
f0006,Lauren Griffiths,John Doe,Payment Inquiry,Refund not processed,Checking transaction history,2/6/2023
f0005,Lau Joe Ying,John Doe,General Inquiry,Product availability,Checking inventory,2/5/2023
f0004,Li Juan,John Doe,Technical Support,Unable to login,Resetting password,2/4/2023
f0003,Zhang Wei,John Doe,Complain Feedback,Product arrived damaged,Offering replacement,2/3/2023
f0002,Wang Jing,John Doe,Compliment System,System very fast now,,2/5/2023
f0001,Chen Hua,John Doe,Complain Feedback,System very slow,Ok will improve,2/1/2023